coin,initial_buy_price,initial_buy_cost,rebought_at,rebuy_cost,gained,total_initial_buy_cost,total_rebuy_cost
BADGERUSDT,22.26,0.02226,22.25,0.02225,0.015419999999998879,22.28226,22.27225
FARMUSDT,206.6,0.2066,206.6,0.2066,0.18619999999998527,206.8066,206.8066
UMAUSDT,11.377,0.011377,11.341,0.011341,0.01420899999999925,11.388377,11.352341
UMAUSDT,11.377,0.011377,11.377,0.011377000000000002,0.029488999999999876,11.388377,11.388377
BTCSTUSDT,19.07,0.01907,19.05,0.01905,0.04177999999999926,19.08907,19.06905
SNXUSDT,12.557,0.012557,12.556,0.012556,0.01684399999999897,12.569557,12.568556
LINKUPUSDT,2.1536,0.0021536,2.1527,0.0021527,0.010278200000000126,2.1557536,2.1548526999999997
XTZUSDT,6.421,0.006421,6.421,0.0064210000000000005,0.012132999999999505,6.427421,6.427421
DOTUPUSDT,11.766,0.011766,11.762,0.011762,0.010434000000000054,11.777766,11.773762
SRMUSDT,10.443,0.010443,10.435,0.010435000000000002,0.010082999999999842,10.453443,10.445435
LINKUSDT,28.46,0.02846,28.46,0.028460000000000003,0.013010000000001298,28.48846,28.48846
QNTUSDT,359.0,0.359,358.7,0.3587,0.18109999999995807,359.359,359.0587
BTCSTUSDT,19.07,0.01907,18.95,0.018949999999999998,0.07360999999999862,19.08907,18.96895
NEARUSDT,8.96,0.00896,8.947,0.008947,0.015046999999999144,8.968960000000001,8.955946999999998
YFIIUSDT,4793.0,4.793,4791.0,4.791,0.4040000000004511,4797.793,4795.791
MLNUSDT,121.7,0.1217,121.7,0.1217,0.05629999999999313,121.8217,121.8217
QNTUSDT,359.0,0.359,358.4,0.3584,1.3618000000000166,359.359,358.7584
DCRUSDT,141.2,0.1412,141.2,0.1412,0.11719999999999686,141.3412,141.3412
FIROUSDT,7.609,0.007609,7.601,0.007601,0.01575099999999985,7.616609,7.608601
NEARUSDT,8.96,0.00896,8.956,0.008956,0.027122999999999564,8.968960000000001,8.964955999999999
ZENUSDT,94.79,0.09479,94.78,0.09478,0.010219999999989682,94.88479000000001,94.87478
XVSUSDT,31.9,0.0319,31.9,0.0319,0.056080000000005015,31.9319,31.9319
QNTUSDT,359.0,0.359,359.0,0.359,1.8438000000000443,359.359,359.359
MLNUSDT,121.7,0.1217,121.5,0.1215,0.21249999999999147,121.8217,121.6215
SNXUSDT,12.557,0.012557,12.555,0.012555,0.028694999999999027,12.569557,12.567555
LINKUSDT,28.46,0.02846,28.45,0.02845,0.026020000000002597,28.48846,28.47845
NEARUSDT,8.96,0.00896,8.957,0.008957000000000001,0.04117899999999963,8.968960000000001,8.965957000000001
BTCSTUSDT,19.07,0.01907,19.0,0.019,0.08566000000000074,19.08907,19.019
DCRUSDT,141.2,0.1412,141.2,0.1412,0.13450000000000273,141.3412,141.3412
BTCSTUSDT,19.07,0.01907,19.0,0.019,0.14756000000000213,19.08907,19.019
XTZDOWNUSDT,5.151,0.005151,5.149,0.005149,0.01067700000000027,5.1561509999999995,5.154149
ZENUSDT,94.79,0.09479,94.63,0.09462999999999999,0.030449999999987654,94.88479000000001,94.72462999999999
BTCSTUSDT,19.07,0.01907,19.07,0.01907,0.17949000000000126,19.08907,19.08907
QNTUSDT,359.0,0.359,358.2,0.3582,1.9250000000000682,359.359,358.5582
CTSIUSDT,0.673,0.000673,0.673,0.0006730000000000001,0.010342299999999915,0.6736730000000001,0.6736730000000001
WINGUSDT,20.74,0.0207399999999999,20.71,0.020710000000000003,0.01846000000000103,20.76074,20.730710000000002
FARMUSDT,206.6,0.2066,206.6,0.2066,0.5722000000000094,206.8066,206.8066
BADGERUSDT,22.26,0.02226,22.25,0.02225,0.030859999999997,22.28226,22.27225
FARMUSDT,206.6,0.2066,206.4,0.2064,0.7583999999999946,206.8066,206.6064
JUVUSDT,12.71,0.01271,12.7,0.0127,0.014539999999998443,12.722710000000001,12.7127
MTLUSDT,3.684,0.003684,3.683,0.003683,0.01361100000000004,3.687684,3.686683
FARMUSDT,206.6,0.2066,205.8,0.2058,1.1447999999999752,206.8066,206.00580000000002
ZENUSDT,94.79,0.09479,94.79,0.09479000000000001,0.09093999999998914,94.88479000000001,94.88479000000001
FARMUSDT,206.6,0.2066,206.3,0.2063,1.2326999999999657,206.8066,206.5063
LUNAUSDT,35.66,0.03566,35.66,0.03566,0.02857999999999805,35.69566,35.69566
LINKUSDT,28.46,0.02846,28.43,0.02843,0.03905000000000314,28.48846,28.45843
LINKUPUSDT,2.1536,0.0021536,2.1483,0.0021483,0.023755000000000415,2.1557536,2.1504483
BADGERUSDT,22.26,0.02226,22.26,0.022260000000000002,0.04629999999999512,22.28226,22.28226
XVSUSDT,31.9,0.0319,31.89,0.03189,0.07220000000000582,31.9319,31.92189
JUVUSDT,12.71,0.01271,12.7,0.0127,0.03908999999999985,12.722710000000001,12.7127
MASKUSDT,11.664,0.011664,11.637,0.011637000000000002,0.01763099999999973,11.675664,11.648637
ERNUSDT,13.809,0.013809,13.675,0.013675000000000001,0.01134300000000188,13.822809,13.688675
ERNUSDT,13.809,0.013809,13.729,0.013729,0.03793899999999972,13.822809,13.742728999999999
ERNUSDT,13.809,0.013809,13.776,0.013776,0.05743400000000065,13.822809,13.789776
MASKUSDT,11.664,0.011664,11.655,0.011655,0.033317999999999515,11.675664,11.666654999999999
LUNAUSDT,35.66,0.03566,35.65,0.03565,0.047170000000001266,35.69566,35.685649999999995
WAVESUSDT,28.89,0.02889,28.89,0.028890000000000002,0.022139999999996718,28.91889,28.91889
CFXUSDT,0.6181,0.0006181,0.6179,0.0006179,0.010452100000000075,0.6187180999999999,0.6185179
WINGUSDT,20.74,0.0207399999999999,20.71,0.020710000000000003,0.04697000000000173,20.76074,20.730710000000002
SNXUSDT,12.557,0.012557,12.557,0.012557,0.042545999999997974,12.569557,12.569557
QNTUSDT,359.0,0.359,358.5,0.3585,2.2076000000000704,359.359,358.8585
FTTUSDT,63.13,0.06313,63.12,0.06312,0.023589999999998668,63.193130000000004,63.183119999999995
XTZDOWNUSDT,5.151,0.005151,5.151,0.005151,0.029349999999999987,5.1561509999999995,5.1561509999999995
LUNAUSDT,35.66,0.03566,35.66,0.03566,0.0857600000000005,35.69566,35.69566
MASKUSDT,11.664,0.011664,11.662,0.011662,0.046971000000000984,11.675664,11.673662
BADGERUSDT,22.26,0.02226,22.26,0.022260000000000002,0.061719999999994,22.28226,22.28226
MASKUSDT,11.664,0.011664,11.648,0.011648,0.08058999999999905,11.675664,11.659647999999999
LUNAUSDT,35.66,0.03566,35.66,0.03566,0.10435000000000372,35.69566,35.69566
BTCSTUSDT,19.07,0.01907,19.07,0.01907,0.1913000000000018,19.08907,19.08907
SRMUSDT,10.443,0.010443,10.441,0.010441,0.02118100000000034,10.453443,10.451441
MASKUSDT,11.664,0.011664,11.664,0.011664,0.09325799999999873,11.675664,11.675664
SNXUSDT,12.557,0.012557,12.553,0.012553000000000002,0.06238699999999753,12.569557,12.565553000000001
BADGERUSDT,22.26,0.02226,22.25,0.02225,0.07713999999999288,22.28226,22.27225
ZENUSDT,94.79,0.09479,94.77,0.09477,0.2510099999999795,94.88479000000001,94.86477
DYDXUSDT,15.322,0.0153219999999999,15.321,0.015321,0.038287000000000404,15.337321999999999,15.336321
MASKUSDT,11.664,0.011664,11.647,0.011647000000000001,0.11388599999999904,11.675664,11.658647
MASKUSDT,11.664,0.011664,11.662,0.011662,0.1285539999999994,11.675664,11.673662
TRXDOWNUSDT,10.708,0.010708,10.708,0.010708,0.014547999999999561,10.718708,10.718708
LUNAUSDT,35.66,0.03566,35.65,0.03565,0.13293000000000177,35.69566,35.685649999999995
QNTUSDT,359.0,0.359,359.0,0.359,3.8882000000000403,359.359,359.359
MASKUSDT,11.664,0.011664,11.662,0.011662,0.1461889999999979,11.675664,11.673662
CTKUSDT,2.132,0.002132,2.132,0.002132,0.010720999999999759,2.134132,2.134132
BARUSDT,18.12,0.01812,18.12,0.01812,0.013709999999999667,18.13812,18.13812
PSGUSDT,30.0,0.03,29.99,0.02999,0.02991000000000099,30.03,30.01999
YFIDOWNUSDT,1.0222,0.0010222,1.0203,0.0010203,0.011841699999999955,1.0232222,1.0213203
QNTUSDT,359.0,0.359,358.5,0.3585,5.068300000000022,359.359,358.8585
LUNAUSDT,35.66,0.03566,35.66,0.03566,0.18151000000000295,35.69566,35.69566
MASKUSDT,11.664,0.011664,11.662,0.011662,0.15982799999999742,11.675664,11.673662
1INCHUSDT,3.124,0.003124,3.124,0.003124,0.010734999999999939,3.1271240000000002,3.1271240000000002
DYDXUSDT,15.322,0.0153219999999999,15.316,0.015316000000000001,0.06259000000000015,15.337321999999999,15.331316000000001
FIROUSDT,7.609,0.007609,7.609,0.007609,0.039509999999999934,7.616609,7.616609
BADGERUSDT,22.26,0.02226,22.25,0.02225,0.11255999999999133,22.28226,22.27225
LUNAUSDT,35.66,0.03566,35.65,0.03565,0.20010000000000616,35.69566,35.685649999999995
XMRUSDT,273.8,0.2738,273.6,0.2736,0.15170000000000528,274.0738,273.8736
RAYUSDT,12.963,0.0129629999999999,12.954,0.012954,0.010038000000001546,12.975962999999998,12.966954000000001
RAYUSDT,12.963,0.0129629999999999,12.962,0.012962,0.026088000000001443,12.975962999999998,12.974962
BTCUSDT,48176.69,48.17669,48172.0,48.172000000000004,6.943219999993744,48224.86669,48220.172
BONDUSDT,25.61,0.02561,25.55,0.02555,0.06866000000000128,25.63561,25.57555
SRMUSDT,10.443,0.010443,10.44,0.01044,0.032267000000000934,10.453443,10.450439999999999
DOTUPUSDT,11.766,0.011766,11.744,0.011744,0.02686999999999884,11.777766,11.755744
XVSUSDT,31.9,0.0319,31.9,0.0319,0.10832000000000264,31.9319,31.9319
ERNUSDT,13.809,0.013809,13.698,0.013698,0.0678440000000009,13.822809,13.711698
ORNUSDT,11.133,0.0111329999999999,11.121,0.011121,0.01070100000000096,11.144132999999998,11.132121
ERNUSDT,13.809,0.013809,13.739,0.013739000000000001,0.08140700000000045,13.822809,13.752739
ERNUSDT,13.809,0.013809,13.78,0.013779999999999999,0.0948879999999992,13.822809,13.79378
ERNUSDT,13.809,0.013809,13.759,0.013759,0.14325200000000038,13.822809,13.772759
ERNUSDT,13.809,0.013809,13.8,0.013800000000000002,0.15669300000000064,13.822809,13.8138
OMUSDT,0.3069,0.0003069,0.3069,0.00030690000000000003,0.011573999999999973,0.3072069,0.3072069
ORNUSDT,11.133,0.0111329999999999,11.132,0.011132,0.0334140000000005,11.144132999999998,11.143132
INJUSDT,10.821,0.010821,10.819,0.010819,0.0263100000000005,10.831821,10.829819
LUNAUSDT,35.66,0.03566,35.65,0.03565,0.21871000000000862,35.69566,35.685649999999995
ADAUPUSDT,166.624,0.166624,166.482,0.166482,0.15726100000000542,166.790624,166.648482
CLVUSDT,1.342,0.001342,1.342,0.001342,0.012300999999999895,1.343342,1.343342
DYDXUSDT,15.322,0.0153219999999999,15.321,0.015321,0.09089900000000029,15.337321999999999,15.336321
XLMDOWNUSDT,8.49,0.00849,8.486,0.008486,0.032969999999998834,8.49849,8.494486
PERPUSDT,14.9,0.0149,14.89,0.01489,0.010159999999999059,14.914900000000001,14.90489
ARUSDT,49.99,0.04999,49.86,0.04986,0.019899999999999807,50.03999,49.90986
DYDXUSDT,15.322,0.0153219999999999,15.317,0.015317,0.10421300000000144,15.337321999999999,15.332317
WNXMUSDT,73.0,0.073,72.5,0.0725,0.01384000000000185,73.073,72.5725
ARUSDT,49.99,0.04999,49.98,0.04998,0.040059999999996876,50.03999,50.029979999999995
WNXMUSDT,73.0,0.073,73.0,0.073,0.49821000000000026,73.073,73.073
DYDXUSDT,15.322,0.0153219999999999,15.305,0.015305000000000001,0.1395130000000009,15.337321999999999,15.320305
UMAUSDT,11.377,0.011377,11.358,0.011358,0.0486930000000001,11.388377,11.369358
CLVUSDT,1.342,0.001342,1.341,0.001341,0.025600999999999985,1.343342,1.342341
DYDXUSDT,15.322,0.0153219999999999,15.311,0.015311,0.15385800000000138,15.337321999999999,15.326311
EGLDUSDT,242.66,0.24266,242.51,0.24251,0.024169999999998026,242.90266,242.75251
XVSUSDT,31.9,0.0319,31.87,0.03187,0.12444000000000344,31.9319,31.901870000000002
PERPUSDT,14.9,0.0149,14.89,0.01489,0.030329999999997526,14.914900000000001,14.90489
XVSUSDT,31.9,0.0319,31.89,0.03189,0.14062000000000197,31.9319,31.92189
ARUSDT,49.99,0.04999,49.95,0.04995,0.05998000000000303,50.03999,49.999950000000005
QNTUSDT,359.0,0.359,359.0,0.359,5.350300000000004,359.359,359.359
ARUSDT,49.99,0.04999,49.99,0.04999,0.08995000000000175,50.03999,50.03999
UMAUSDT,11.377,0.011377,11.376,0.011375999999999999,0.0759269999999983,11.388377,11.387376
MLNUSDT,121.7,0.1217,121.6,0.1216,1.5678999999999803,121.8217,121.7216
AXSUSDT,66.32,0.0663199999999999,66.32,0.06631999999999999,0.01721000000000572,66.38632,66.38632
SRMUSDT,10.443,0.010443,10.431,0.010431,0.042356000000001615,10.453443,10.441431
ARUSDT,49.99,0.04999,49.98,0.04998,0.10985000000000156,50.03999,50.029979999999995
SRMUSDT,10.443,0.010443,10.443,0.010443,0.05546000000000184,10.453443,10.453443
ARUSDT,49.99,0.04999,49.95,0.04995,0.1297700000000077,50.03999,49.999950000000005
ADAUPUSDT,166.624,0.166624,166.5,0.1665,0.46465599999999085,166.790624,166.6665
LPTUSDT,18.84,0.01884,18.77,0.01877,0.02225999999999928,18.85884,18.78877
DASHUSDT,200.5,0.2005,200.5,0.2005,0.09850000000000136,200.7005,200.7005
DOTUSDT,34.24,0.03424,34.22,0.03422,0.011440000000000339,34.27424,34.25422
SXPUSDT,2.636,0.002636,2.636,0.0026360000000000003,0.010711999999999833,2.638636,2.638636
DOTUPUSDT,11.766,0.011766,11.75,0.01175,0.04733799999999988,11.777766,11.76175
RAYUSDT,12.963,0.0129629999999999,12.96,0.012960000000000001,0.03812600000000188,12.975962999999998,12.97296
ORNUSDT,11.133,0.0111329999999999,11.124,0.011124,0.047114000000000544,11.144132999999998,11.135124000000001
JUVUSDT,12.71,0.01271,12.71,0.01271,0.06364000000000125,12.722710000000001,12.722710000000001
OGUSDT,10.126,0.010126,10.115,0.010115,0.011715999999999838,10.136125999999999,10.125115000000001
WNXMUSDT,73.0,0.073,73.0,0.073,0.5420199999999937,73.073,73.073
XMRUSDT,273.8,0.2738,273.7,0.2737,0.203899999999976,274.0738,273.9737
FTMUSDT,1.3272,0.0013272,1.3257,0.0013257000000000002,0.011031900000000094,1.3285272,1.3270257
DOTUPUSDT,11.766,0.011766,11.75,0.01175,0.08078099999999999,11.777766,11.76175
GNOUSDT,277.7,0.2777,277.7,0.2777,0.04400000000003956,277.97769999999997,277.97769999999997
BTCUSDT,48176.69,48.17669,48176.6,48.1766,18.491219999996247,48224.86669,48224.7766
SOLUSDT,161.66,0.16166,161.58,0.16158000000000003,0.07627999999999702,161.82166,161.74158
BTCUPUSDT,88.5,0.0885,88.495,0.088495,0.049773000000001844,88.5885,88.583495
BALUSDT,25.68,0.02568,25.67,0.025670000000000002,0.02856000000000236,25.70568,25.695670000000003
ASRUSDT,8.326,0.008326,8.298,0.008298,0.0243070000000003,8.334326,8.306298
MIRUSDT,3.715,0.003715,3.714,0.003714,0.011551000000000311,3.718715,3.717714
MKRUSDT,2869.0,2.869,2869.0,2.869,1.2550000000001091,2871.869,2871.869
AAVEUSDT,355.1,0.3551,355.1,0.3551,0.08899999999994179,355.4551,355.4551
ALICEUSDT,13.08,0.01308,13.08,0.01308,0.013799999999999812,13.09308,13.09308
XRPUPUSDT,5.6109,0.0056109,5.6071,0.0056071,0.011555399999999771,5.6165109,5.6127071
ICPUSDT,58.24,0.05824,58.22,0.05822,0.013389999999994018,58.29824,58.27822
AAVEUPUSDT,1.2925,0.0012925,1.289,0.001289,0.010501900000000175,1.2937925,1.290289
ICPUSDT,58.24,0.05824,58.23,0.05823,0.026819999999993627,58.29824,58.28823
ALICEUSDT,13.08,0.01308,13.08,0.01308,0.027599999999999625,13.09308,13.09308
RAYUSDT,12.963,0.0129629999999999,12.957,0.012957000000000002,0.051167000000001295,12.975962999999998,12.969957
BNBUSDT,411.3,0.4113,411.3,0.4113,0.07649999999995316,411.7113,411.7113
JUVUSDT,12.71,0.01271,12.71,0.01271,0.0781799999999997,12.722710000000001,12.722710000000001
OGNUSDT,1.0604,0.0010604,1.0571,0.0010571,0.011365700000000034,1.0614604,1.0581570999999999
ICPUSDT,58.24,0.05824,58.22,0.05822,0.04022999999999399,58.29824,58.27822
XMRUSDT,273.8,0.2738,273.7,0.2737,0.5556000000000267,274.0738,273.9737
SOLUSDT,161.66,0.16166,161.59,0.16159,0.14272999999997182,161.82166,161.75159
XTZUSDT,6.421,0.006421,6.415,0.0064150000000000006,0.023266999999999705,6.427421,6.421415
BNBUSDT,411.3,0.4113,411.3,0.4113,0.25289999999995416,411.7113,411.7113
RAYUSDT,12.963,0.0129629999999999,12.962,0.012962,0.06421400000000155,12.975962999999998,12.974962
LINKUPUSDT,2.1536,0.0021536,2.1513,0.0021513,0.03604180000000046,2.1557536,2.1534513
DEXEUSDT,13.58,0.01358,13.58,0.01358,0.04277000000000086,13.59358,13.59358
XTZUSDT,6.421,0.006421,6.421,0.0064210000000000005,0.04040700000000008,6.427421,6.427421
UMAUSDT,11.377,0.011377,11.287,0.011287000000000002,0.1300979999999985,11.388377,11.298287
UMAUSDT,11.377,0.011377,11.339,0.011339,0.1594719999999974,11.388377,11.350339
LPTUSDT,18.84,0.01884,18.83,0.01883,0.04465999999999681,18.85884,18.84883
ZECUSDT,140.5,0.1405,140.5,0.1405,0.01870000000002392,140.6405,140.6405
ICPUSDT,58.24,0.05824,58.24,0.05824,0.0536599999999936,58.29824,58.29824
WNXMUSDT,73.0,0.073,73.0,0.073,0.725689999999986,73.073,73.073
ALICEUSDT,13.08,0.01308,13.08,0.01308,0.04139999999999944,13.09308,13.09308
SFPUSDT,1.1903,0.0011903,1.1903,0.0011903,0.010406600000000044,1.1914903,1.1914903
ASRUSDT,8.326,0.008326,8.313,0.008313000000000001,0.05865999999999971,8.334326,8.321313
RAYUSDT,12.963,0.0129629999999999,12.959,0.012959,0.07525300000000179,12.975962999999998,12.971959
LPTUSDT,18.84,0.01884,18.83,0.01883,0.05694999999999695,18.85884,18.84883
ICXUSDT,1.898,0.001898,1.898,0.001898,0.010189999999999921,1.8998979999999999,1.8998979999999999
ORNUSDT,11.133,0.0111329999999999,11.123,0.011123,0.05783300000000047,11.144132999999998,11.134122999999999
JUVUSDT,12.71,0.01271,12.7,0.0127,0.09271999999999814,12.722710000000001,12.7127
WRXUSDT,1.262,0.001262,1.262,0.001262,0.012460999999999833,1.263262,1.263262
JUVUSDT,12.71,0.01271,12.71,0.01271,0.10727999999999938,12.722710000000001,12.722710000000001
XMRUSDT,273.8,0.2738,273.6,0.2736,0.6076000000000477,274.0738,273.8736
BNBUSDT,411.3,0.4113,411.3,0.4113,0.3293999999999073,411.7113,411.7113
LINKUSDT,28.46,0.02846,28.46,0.028460000000000003,0.062110000000004106,28.48846,28.48846
LINKUPUSDT,2.1536,0.0021536,2.1504,0.0021504,0.047223700000000424,2.1557536,2.1525504
FARMUSDT,206.6,0.2066,205.9,0.2059,1.519399999999962,206.8066,206.10590000000002
BONDUSDT,25.61,0.02561,25.49,0.02549,0.14742999999999995,25.63561,25.51549
XRPUPUSDT,5.6109,0.0056109,5.6021,0.0056021000000000005,0.023218299999999914,5.6165109,5.6077021
BNBUPUSDT,361.13,0.36113,360.97,0.36097,0.04696999999998752,361.49113,361.33097000000004
RAYUSDT,12.963,0.0129629999999999,12.959,0.012959,0.09728700000000146,12.975962999999998,12.971959
ALPACAUSDT,1.1191,0.0011191,1.1191,0.0011191,0.01134820000000003,1.1202191,1.1202191
SNXUSDT,12.557,0.012557,12.554,0.012554000000000001,0.07424399999999665,12.569557,12.566554
SOLUSDT,161.66,0.16166,161.64,0.16163999999999998,0.2291399999999726,161.82166,161.80164
ATOMUSDT,39.52,0.03952,39.46,0.03946,0.010869999999997049,39.559520000000006,39.49946
ZECUSDT,140.5,0.1405,140.5,0.1405,0.03740000000004784,140.6405,140.6405
BANDUSDT,9.3,0.0093,9.286,0.009285999999999999,0.010370999999999242,9.3093,9.295285999999999
STRAXUSDT,2.552,0.002552,2.552,0.002552,0.012877999999999723,2.554552,2.554552
ANTUSDT,6.494,0.006494,6.488,0.006488000000000001,0.014984000000000108,6.500494,6.4944880000000005
SOLUSDT,161.66,0.16166,161.66,0.16166,0.2555099999999868,161.82166,161.82166
FORTHUSDT,15.43,0.01543,15.43,0.01543,0.039070000000000604,15.44543,15.44543
ASRUSDT,8.326,0.008326,8.3,0.0083,0.0859899999999989,8.334326,8.308300000000001
SNXUSDT,12.557,0.012557,12.557,0.012557,0.08809699999999587,12.569557,12.569557
DEXEUSDT,13.58,0.01358,13.57,0.01357,0.0655600000000014,13.59358,13.58357
ANTUSDT,6.494,0.006494,6.494,0.006494,0.046962999999999866,6.500494,6.500494
DEXEUSDT,13.58,0.01358,13.58,0.01358,0.09836000000000134,13.59358,13.59358
ATOMUSDT,39.52,0.03952,39.51,0.039509999999999997,0.11176999999999992,39.559520000000006,39.54951
BONDUSDT,25.61,0.02561,25.59,0.02559,0.23630999999999958,25.63561,25.61559
PSGUSDT,30.0,0.03,30.0,0.03,0.07982000000000511,30.03,30.03
CLVUSDT,1.342,0.001342,1.342,0.001342,0.03790400000000016,1.343342,1.343342
ATOMUSDT,39.52,0.03952,39.52,0.039520000000000007,0.12266000000000332,39.559520000000006,39.559520000000006
DEXEUSDT,13.58,0.01358,13.58,0.01358,0.11115999999999993,13.59358,13.59358
BANDUSDT,9.3,0.0093,9.289,0.009289,0.03375699999999959,9.3093,9.298289
LITUSDT,4.412,0.004412,4.412,0.004412,0.01115600000000061,4.416412,4.416412
SNXUSDT,12.557,0.012557,12.555,0.012555,0.09894699999999546,12.569557,12.567555
BONDUSDT,25.61,0.02561,25.51,0.02551,0.39491999999999905,25.63561,25.535510000000002
ATAUSDT,1.2197,0.0012197,1.2194,0.0012194,0.010347799999999907,1.2209197,1.2206194000000001
NEOUSDT,49.62,0.04962,49.6,0.049600000000000005,0.010649999999998272,49.669619999999995,49.6496
LPTUSDT,18.84,0.01884,18.83,0.01883,0.06923999999999708,18.85884,18.84883
ASRUSDT,8.326,0.008326,8.307,0.008307,0.11434499999999836,8.334326,8.315307
XTZUSDT,6.421,0.006421,6.419,0.006418999999999999,0.05154100000000028,6.427421,6.425419
BONDUSDT,25.61,0.02561,25.55,0.02555,0.5137299999999989,25.63561,25.57555
TRBUSDT,59.35,0.05935,59.34,0.059340000000000004,0.03114999999999668,59.40935,59.39934
ACMUSDT,10.586,0.010586,10.571,0.010571,0.015790999999998334,10.596586,10.581571
BONDUSDT,25.61,0.02561,25.53,0.02553,0.5525400000000005,25.63561,25.55553
TKOUSDT,2.379,0.002379,2.378,0.0023780000000000003,0.01622099999999982,2.381379,2.3803780000000003
ACMUSDT,10.586,0.010586,10.586,0.010586,0.04359999999999786,10.596586,10.596586
NEOUSDT,49.62,0.04962,49.62,0.04962,0.03132999999999697,49.669619999999995,49.669619999999995
LITUSDT,4.412,0.004412,4.41,0.00441,0.021313000000001026,4.416412,4.41441
FTTUSDT,63.13,0.06313,63.12,0.06312,0.03721000000000174,63.193130000000004,63.183119999999995
BANDUSDT,9.3,0.0093,9.298,0.009298,0.048145999999999134,9.3093,9.307298
MIRUSDT,3.715,0.003715,3.715,0.003715,0.026101000000000596,3.718715,3.718715
DEXEUSDT,13.58,0.01358,13.58,0.01358,0.12395999999999852,13.59358,13.59358
WINGUSDT,20.74,0.0207399999999999,20.73,0.020730000000000002,0.11543999999999954,20.76074,20.75073
STRAXUSDT,2.552,0.002552,2.551,0.0025510000000000003,0.02675499999999964,2.554552,2.553551
OGNUSDT,1.0604,0.0010604,1.0599,0.0010599000000000001,0.02143929999999994,1.0614604,1.0609599
BANDUSDT,9.3,0.0093,9.3,0.009300000000000001,0.06151799999999952,9.3093,9.3093
ZENUSDT,94.79,0.09479,94.77,0.09477,0.29123999999998773,94.88479000000001,94.86477
FORTHUSDT,15.43,0.01543,15.42,0.01542,0.1181000000000001,15.44543,15.43542
ICXUSDT,1.898,0.001898,1.897,0.001897,0.020379999999999843,1.8998979999999999,1.898897
LUNAUSDT,35.66,0.03566,35.66,0.03566,0.23732000000001108,35.69566,35.69566
TRXUPUSDT,0.45275,0.00045275,0.45181,0.00045180999999999997,0.010063519999999992,0.45320275,0.45226181
ERNUSDT,13.809,0.013809,13.804,0.013804,0.20901300000000056,13.822809,13.817804
CLVUSDT,1.342,0.001342,1.341,0.001341,0.04820700000000011,1.343342,1.342341
ANTUSDT,6.494,0.006494,6.471,0.006471,0.06094799999999978,6.500494,6.477471
XTZUSDT,6.421,0.006421,6.421,0.0064210000000000005,0.06367800000000035,6.427421,6.427421
BADGERUSDT,22.26,0.02226,22.22,0.02222,0.12799999999998946,22.28226,22.24222
IDEXUSDT,0.44416,0.00044416,0.443,0.00044300000000000003,0.010939840000000034,0.44460416,0.44344300000000003
ANTUSDT,6.494,0.006494,6.494,0.006494,0.07098299999999913,6.500494,6.500494
QUICKUSDT,472.6,0.4726,471.8,0.4718,0.05380000000002383,473.0726,472.2718
LUNAUSDT,35.66,0.03566,35.63,0.03563,0.2559100000000143,35.69566,35.66563
DEXEUSDT,13.58,0.01358,13.58,0.01358,0.14674999999999905,13.59358,13.59358
XTZUSDT,6.421,0.006421,6.418,0.006418,0.07481200000000054,6.427421,6.424418
QUICKUSDT,472.6,0.4726,472.5,0.47250000000000003,1.1082000000000107,473.0726,472.9725
XTZDOWNUSDT,5.151,0.005151,5.146,0.005146,0.04002700000000026,5.1561509999999995,5.151146
WNXMUSDT,73.0,0.073,72.8,0.0728,0.8094599999999872,73.073,72.8728
WNXMUSDT,73.0,0.073,73.0,0.073,0.8636599999999959,73.073,73.073
QUICKUSDT,472.6,0.4726,472.0,0.47200000000000003,1.1621999999999844,473.0726,472.472
EPSUSDT,0.6682,0.0006682,0.6647,0.0006647,0.010251999999999928,0.6688682,0.6653646999999999
PNTUSDT,1.1578,0.0011578,1.1571,0.0011571,0.017864199999999997,1.1589578,1.1582571
TORNUSDT,68.73,0.06873,68.66,0.06866,0.02237999999999829,68.79873,68.72865999999999
DEXEUSDT,13.58,0.01358,13.58,0.01358,0.17952999999999975,13.59358,13.59358
NEARUSDT,8.96,0.00896,8.96,0.008960000000000001,0.05323499999999903,8.968960000000001,8.968960000000001
FTMUSDT,1.3272,0.0013272,1.3253,0.0013253,0.021567300000000067,1.3285272,1.3266253
NEARUSDT,8.96,0.00896,8.958,0.008958,0.0652849999999976,8.968960000000001,8.966958
ATMUSDT,15.49,0.01549,15.48,0.01548,0.018969999999999487,15.50549,15.49548
MASKUSDT,11.664,0.011664,11.657,0.011657,0.210429999999997,11.675664,11.668657
MASKUSDT,11.664,0.011664,11.662,0.011662,0.22307999999999595,11.675664,11.673662
AVAXUSDT,70.29,0.07029,70.29,0.07029,0.12914999999999566,70.36029,70.36029
MTLUSDT,3.684,0.003684,3.684,0.003684,0.030221000000000053,3.687684,3.687684
LSKUSDT,3.589,0.003589,3.586,0.0035859999999999998,0.010804000000000258,3.592589,3.5895859999999997
LTOUSDT,0.2954,0.0002954,0.2952,0.0002952,0.010298300000000038,0.2956954,0.2954952
MTLUSDT,3.684,0.003684,3.677,0.003677,0.04682900000000023,3.687684,3.680677
NANOUSDT,5.618,0.005618,5.617,0.0056170000000000005,0.010741999999999585,5.6236180000000004,5.622617
AVAXUSDT,70.29,0.07029,70.27,0.07027,0.29825999999998487,70.36029,70.34026999999999
DEGOUSDT,8.78,0.00878,8.78,0.00878,0.01241000000000092,8.78878,8.78878
DEXEUSDT,13.58,0.01358,13.55,0.013550000000000001,0.29223,13.59358,13.563550000000001
ATMUSDT,15.49,0.01549,15.49,0.01549,0.07791999999999888,15.50549,15.50549
DEXEUSDT,13.58,0.01358,13.58,0.01358,0.3250699999999984,13.59358,13.59358
NANOUSDT,5.618,0.005618,5.618,0.005618000000000001,0.02548199999999934,5.6236180000000004,5.6236180000000004
NANOUSDT,5.618,0.005618,5.615,0.005615,0.04821199999999948,5.6236180000000004,5.620615
AVAXUSDT,70.29,0.07029,70.26,0.07026,0.327549999999988,70.36029,70.33026000000001
MASKUSDT,11.664,0.011664,11.643,0.011643,0.23771799999999388,11.675664,11.654643
AVAXUSDT,70.29,0.07029,70.29,0.07029,0.3868299999999749,70.36029,70.36029
AVAXUSDT,70.29,0.07029,70.25,0.07025,0.40608999999997764,70.36029,70.32025
DEXEUSDT,13.58,0.01358,13.55,0.013550000000000001,0.3678399999999993,13.59358,13.563550000000001
DEXEUSDT,13.58,0.01358,13.58,0.01358,0.39068999999999754,13.59358,13.59358
AVAXUSDT,70.29,0.07029,70.27,0.07027,0.48536999999997477,70.36029,70.34026999999999
CTSIUSDT,0.673,0.000673,0.6729,0.0006729,0.020884399999999803,0.6736730000000001,0.6735729
NEARUSDT,8.96,0.00896,8.948,0.008948000000000001,0.07733899999999672,8.968960000000001,8.956948
BONDUSDT,25.61,0.02561,25.61,0.02561,0.5714100000000002,25.63561,25.63561
BONDUSDT,25.61,0.02561,25.6,0.0256,0.5901199999999989,25.63561,25.625600000000002
DEGOUSDT,8.78,0.00878,8.78,0.00878,0.02482000000000184,8.78878,8.78878
FTMUSDT,1.3272,0.0013272,1.3264,0.0013264000000000001,0.033202399999999965,1.3285272,1.3277264
MTLUSDT,3.684,0.003684,3.683,0.003683,0.0614530000000002,3.687684,3.686683
BONDUSDT,25.61,0.02561,25.58,0.02558,0.6488099999999974,25.63561,25.60558
MTLUSDT,3.684,0.003684,3.684,0.003684,0.07206900000000038,3.687684,3.687684
FORTHUSDT,15.43,0.01543,15.43,0.01543,0.1372100000000014,15.44543,15.44543
LSKUSDT,3.589,0.003589,3.585,0.003585,0.024611000000000605,3.592589,3.588585
FTMUSDT,1.3272,0.0013272,1.3259,0.0013259,0.043536599999999925,1.3285272,1.3272259000000002
AVAXUSDT,70.29,0.07029,70.26,0.07026,0.5646099999999734,70.36029,70.33026000000001
MIRUSDT,3.715,0.003715,3.712,0.0037120000000000005,0.053636000000000905,3.718715,3.7157120000000003
AVAXUSDT,70.29,0.07029,70.28,0.07028000000000001,0.6039099999999706,70.36029,70.35028
AVAXUSDT,70.29,0.07029,70.27,0.07027,0.673139999999961,70.36029,70.34026999999999
AVAXUSDT,70.29,0.07029,70.28,0.07028000000000001,0.7024299999999641,70.36029,70.35028
LSKUSDT,3.589,0.003589,3.585,0.003585,0.03542300000000065,3.592589,3.588585
MIRUSDT,3.715,0.003715,3.712,0.0037120000000000005,0.07218600000000075,3.718715,3.7157120000000003
AVAXUSDT,70.29,0.07029,70.24,0.07024,0.7616699999999668,70.36029,70.31024
BONDUSDT,25.61,0.02561,25.53,0.02553,0.7075400000000016,25.63561,25.55553
HARDUSDT,1.0347,0.0010347,1.0342,0.0010342,0.011017500000000124,1.0357347,1.0352342
HARDUSDT,1.0347,0.0010347,1.0311,0.0010310999999999999,0.022535500000000264,1.0357347,1.0321311
BONDUSDT,25.61,0.02561,25.53,0.02553,0.8562800000000017,25.63561,25.55553
DEGOUSDT,8.78,0.00878,8.78,0.00878,0.03723000000000276,8.78878,8.78878
EPSUSDT,0.6682,0.0006682,0.6674,0.0006674,0.020510999999999946,0.6688682,0.6680674
ATOMUSDT,39.52,0.03952,39.51,0.039509999999999997,0.15351000000000425,39.559520000000006,39.54951
ATOMUSDT,39.52,0.03952,39.5,0.0395,0.18438000000000443,39.559520000000006,39.5395
JUVUSDT,12.71,0.01271,12.7,0.0127,0.12181999999999782,12.722710000000001,12.7127
JUVUSDT,12.71,0.01271,12.71,0.01271,0.14636999999999922,12.722710000000001,12.722710000000001
BNBDOWNUSDT,0.3618,0.0003618,0.3618,0.0003618,0.010465200000000008,0.36216180000000003,0.36216180000000003
CFXUSDT,0.6181,0.0006181,0.6181,0.0006181,0.02310240000000008,0.6187180999999999,0.6187180999999999
WTCUSDT,1.1967,0.0011967,1.1951,0.0011951000000000002,0.07333079999999992,1.1978967,1.1962951
MIRUSDT,3.715,0.003715,3.714,0.003714,0.08274400000000037,3.718715,3.717714
ATOMUSDT,39.52,0.03952,39.52,0.039520000000000007,0.23525000000000773,39.559520000000006,39.559520000000006
WINGUSDT,20.74,0.0207399999999999,20.71,0.020710000000000003,0.1538999999999966,20.76074,20.730710000000002
BNBUSDT,411.3,0.4113,411.3,0.4113,0.4058999999998605,411.7113,411.7113
SOLUSDT,161.66,0.16166,161.54,0.16154,0.3217999999999961,161.82166,161.70154
BNBUPUSDT,361.13,0.36113,360.63,0.36063,0.353999999999985,361.49113,360.99063
WINGUSDT,20.74,0.0207399999999999,20.74,0.020739999999999998,0.17241999999999535,20.76074,20.76074
BNBUPUSDT,361.13,0.36113,361.09,0.36108999999999997,1.1312399999999911,361.49113,361.45108999999997
WINGUSDT,20.74,0.0207399999999999,20.73,0.020730000000000002,0.240829999999999,20.76074,20.75073
DEGOUSDT,8.78,0.00878,8.78,0.00878,0.05963000000000385,8.78878,8.78878
EPSUSDT,0.6682,0.0006682,0.6678,0.0006678,0.030564799999999948,0.6688682,0.6684678
NULSUSDT,0.5426,0.0005426,0.5424,0.0005424,0.010703000000000018,0.5431425999999999,0.5429424
WRXUSDT,1.262,0.001262,1.262,0.001262,0.022923999999999722,1.263262,1.263262
SOLUSDT,161.66,0.16166,161.41,0.16141,0.3383800000000008,161.82166,161.57141
DEGOUSDT,8.78,0.00878,8.78,0.00878,0.07204000000000477,8.78878,8.78878
BELUSDT,1.973,0.001973,1.972,0.0019720000000000002,0.01503499999999991,1.974973,1.973972
DEGOUSDT,8.78,0.00878,8.78,0.00878,0.09444000000000585,8.78878,8.78878
BNBUSDT,411.3,0.4113,411.3,0.4113,0.48239999999981364,411.7113,411.7113
BNBUPUSDT,361.13,0.36113,361.0,0.361,1.288180000000068,361.49113,361.361
BONDUSDT,25.61,0.02561,25.6,0.0256,0.8751500000000014,25.63561,25.625600000000002
MIRUSDT,3.715,0.003715,3.715,0.003715,0.09429700000000052,3.718715,3.718715
DEGOUSDT,8.78,0.00878,8.77,0.00877,0.11684000000000694,8.78878,8.77877
DEGOUSDT,8.78,0.00878,8.78,0.00878,0.12927000000000888,8.78878,8.78878
TORNUSDT,68.73,0.06873,68.64,0.06864,0.6143299999999954,68.79873,68.70864
TORNUSDT,68.73,0.06873,68.68,0.06868,0.6668599999999998,68.79873,68.74868000000001
DEGOUSDT,8.78,0.00878,8.78,0.00878,0.1416800000000098,8.78878,8.78878
MINAUSDT,5.323,0.005323,5.323,0.0053230000000000005,0.010333000000000148,5.328323,5.328323
SUPERUSDT,0.8207,0.0008207,0.8207,0.0008207,0.010146800000000011,0.8215207,0.8215207
OMUSDT,0.3069,0.0003069,0.3066,0.00030659999999999997,0.021649499999999988,0.3072069,0.3069066
MASKUSDT,11.664,0.011664,11.664,0.011664,0.26138499999999354,11.675664,11.675664
MASKUSDT,11.664,0.011664,11.66,0.01166,0.2910039999999938,11.675664,11.67166
CFXUSDT,0.6181,0.0006181,0.6178,0.0006178000000000001,0.033554500000000154,0.6187180999999999,0.6184178
HARDUSDT,1.0347,0.0010347,1.0323,0.0010323,0.036057700000000414,1.0357347,1.0333323
MASKUSDT,11.664,0.011664,11.653,0.011653,0.3026489999999935,11.675664,11.664653000000001
QUICKUSDT,472.6,0.4726,470.7,0.4707,2.915499999999952,473.0726,471.1707
QUICKUSDT,472.6,0.4726,472.1,0.4721,3.372700000000009,473.0726,472.57210000000003
QUICKUSDT,472.6,0.4726,472.4,0.4724,3.927000000000021,473.0726,472.87239999999997
OXTUSDT,0.3806,0.0003806,0.3805,0.00038050000000000003,0.010927099999999967,0.3809806,0.3808805
QUICKUSDT,472.6,0.4726,472.3,0.4723,4.880300000000034,473.0726,472.77230000000003
QUICKUSDT,472.6,0.4726,471.7,0.4717,6.433200000000056,473.0726,472.1717
BARUSDT,18.12,0.01812,18.12,0.01812,0.027419999999999334,18.13812,18.13812
ICPUSDT,58.24,0.05824,58.23,0.05823,0.11699999999999022,58.29824,58.28823
CFXUSDT,0.6181,0.0006181,0.616,0.000616,0.04420700000000022,0.6187180999999999,0.6166159999999999
CRVUSDT,2.846,0.002846,2.845,0.0028450000000000003,0.01129099999999994,2.848846,2.8478450000000004
MIRUSDT,3.715,0.003715,3.711,0.003711,0.10484900000000064,3.718715,3.714711
FILUSDT,84.27,0.08427,84.27,0.08427,0.021270000000001232,84.35427,84.35427
FILUPUSDT,2.78,0.00278,2.769,0.002769,0.01731710000000053,2.78278,2.771769
DEGOUSDT,8.78,0.00878,8.78,0.00878,0.16408000000001088,8.78878,8.78878
DOTUSDT,34.24,0.03424,34.22,0.03422,0.022919999999999163,34.27424,34.25422
DOTUPUSDT,11.766,0.011766,11.753,0.011753,0.09124700000000097,11.777766,11.764753
FILUPUSDT,2.78,0.00278,2.7796,0.0027795999999999997,0.03645440000000022,2.78278,2.7823796
ICPUSDT,58.24,0.05824,58.24,0.05824,0.1304099999999906,58.29824,58.29824
FILUSDT,84.27,0.08427,84.24,0.08424,0.042540000000002465,84.35427,84.32423999999999
FLOWUSDT,20.57,0.02057,20.53,0.020530000000000003,0.2985199999999999,20.59057,20.550530000000002
YFIIUSDT,4793.0,4.793,4793.0,4.793,2.8100000000004,4797.793,4797.793
SUPERUSDT,0.8207,0.0008207,0.8203,0.0008203,0.020393500000000064,0.8215207,0.8211203
XTZDOWNUSDT,5.151,0.005151,5.151,0.005151,0.06170300000000051,5.1561509999999995,5.1561509999999995
FILUSDT,84.27,0.08427,84.27,0.08427,0.05388000000000659,84.35427,84.35427
DOTUSDT,34.24,0.03424,34.24,0.03424,0.04438999999999993,34.27424,34.27424
DOTUPUSDT,11.766,0.011766,11.76,0.01176,0.10370499999999971,11.777766,11.77176
DEGOUSDT,8.78,0.00878,8.78,0.00878,0.18648000000001197,8.78878,8.78878
FILUSDT,84.27,0.08427,84.27,0.08427,0.0951300000000117,84.35427,84.35427
ARUSDT,49.99,0.04999,49.96,0.049960000000000004,0.30959000000000003,50.03999,50.00996
YFIIUSDT,4793.0,4.793,4793.0,4.793,15.202000000000226,4797.793,4797.793
DATAUSDT,0.13892,0.0001389199999999,0.13879,0.00013879,0.010111760000000108,0.1390589199999999,0.13892879
VIDTUSDT,0.9549,0.0009549,0.9525,0.0009525,0.010078200000000037,0.9558549,0.9534525
FISUSDT,1.8878,0.0018878,1.8824,0.0018824000000000002,0.01001059999999998,1.8896878,1.8842824
NULSUSDT,0.5426,0.0005426,0.5424,0.0005424,0.021006799999999992,0.5431425999999999,0.5429424
MTLUSDT,3.684,0.003684,3.683,0.003683,0.09766800000000009,3.687684,3.686683
DOTUPUSDT,11.766,0.011766,11.756,0.011756,0.1321329999999996,11.777766,11.767756
FILUSDT,84.27,0.08427,84.27,0.08427,0.1064100000000252,84.35427,84.35427
ICPUSDT,58.24,0.05824,58.22,0.05822,0.15378999999999365,58.29824,58.27822
DOTUPUSDT,11.766,0.011766,11.718,0.011718000000000001,0.1445849999999993,11.777766,11.729718
YFIIUSDT,4793.0,4.793,4791.0,4.791,15.606000000000677,4797.793,4795.791
DEGOUSDT,8.78,0.00878,8.78,0.00878,0.1988900000000129,8.78878,8.78878
DOTUSDT,34.24,0.03424,34.24,0.03424,0.0658199999999951,34.27424,34.27424
BONDUSDT,25.61,0.02561,25.59,0.02559,0.9738000000000007,25.63561,25.61559
DOTUPUSDT,11.766,0.011766,11.725,0.011725,0.19407599999999903,11.777766,11.736725
BONDUSDT,25.61,0.02561,25.58,0.02558,1.0225200000000036,25.63561,25.60558
BNBUSDT,411.3,0.4113,393.5,0.3935,0.5588999999997668,411.7113,393.8935
NANOUSDT,5.618,0.005618,5.19,0.00519,0.05995899999999921,5.6236180000000004,5.19519
OMGUSDT,9.061,0.009061,8.993,0.008993000000000001,0.012847000000000719,9.070061,9.001993
FTMUSDT,1.3272,0.0013272,1.3222,0.0013222000000000002,0.054770899999999845,1.3285272,1.3235222
MTLUSDT,3.684,0.003684,3.307,0.003307,0.11327900000000035,3.687684,3.310307
XTZUSDT,6.421,0.006421,5.902,0.005902,0.09494299999999978,6.427421,5.907902
LSKUSDT,3.589,0.003589,3.45,0.0034500000000000004,0.047234000000000886,3.592589,3.45345
CTSIUSDT,0.673,0.000673,0.613,0.000613,0.032026099999999724,0.6736730000000001,0.613613
SNXUSDT,12.557,0.012557,11.669,0.011669,0.11179899999999598,12.569557,11.680669
BNBUPUSDT,361.13,0.36113,322.01,0.32201,1.3953500000000645,361.49113,322.33200999999997
CRVUSDT,2.846,0.002846,2.77,0.00277,0.02358299999999991,2.848846,2.77277
AVAXUSDT,70.29,0.07029,66.57,0.06656999999999999,0.8010099999999767,70.36029,66.63656999999999
UTKUSDT,0.4143,0.0004143,0.374,0.000374,0.010160400000000014,0.4147143,0.374374
INJUSDT,10.821,0.010821,10.092,0.010092,0.03863799999999884,10.831821,10.102092
AUDIOUSDT,2.744,0.002744,2.731,0.002731,0.010495999999999395,2.746744,2.7337309999999997
ATMUSDT,15.49,0.01549,14.79,0.01479,0.09688999999999837,15.50549,14.804789999999999
DODOUSDT,1.51,0.00151,1.426,0.001426,0.012963999999999976,1.51151,1.4274259999999999
CAKEUSDT,22.65,0.02265,21.67,0.021670000000000002,0.014640000000003539,22.672649999999997,21.691670000000002
DEGOUSDT,8.78,0.00878,8.35,0.00835,0.23128000000001414,8.78878,8.35835
SUPERUSDT,0.8207,0.0008207,0.7523,0.0007523,0.03154009999999996,0.8215207,0.7530523
BARUSDT,18.12,0.01812,17.21,0.01721,0.1410299999999971,18.13812,17.22721
FORTHUSDT,15.43,0.01543,15.01,0.01501,0.16629000000000183,15.44543,15.02501
DEXEUSDT,13.58,0.01358,12.85,0.01285,0.40348999999999613,13.59358,12.86285
FLOWUSDT,20.57,0.02057,19.0,0.019,0.40730999999999895,20.59057,19.019
MINAUSDT,5.323,0.005323,5.038,0.005038,0.02366299999999999,5.328323,5.043038
DEXEUSDT,13.58,0.01358,12.89,0.01289,0.4177499999999963,13.59358,12.902890000000001
DEGOUSDT,8.78,0.00878,8.38,0.00838,0.24455000000001448,8.78878,8.388380000000002
INJUSDT,10.821,0.010821,10.125,0.010125,0.05142099999999772,10.831821,10.135125
DEGOUSDT,8.78,0.00878,8.46,0.00846,0.30771000000001436,8.78878,8.46846
DEGOUSDT,8.78,0.00878,8.49,0.008490000000000001,0.32076000000001414,8.78878,8.49849
DEGOUSDT,8.78,0.00878,8.56,0.00856,0.3737100000000151,8.78878,8.56856
DEGOUSDT,8.78,0.00878,8.59,0.00859,0.38656000000001534,8.78878,8.59859
DEGOUSDT,8.78,0.00878,8.6,0.0086,0.3993500000000143,8.78878,8.6086
DEGOUSDT,8.78,0.00878,8.65,0.00865,0.43210000000001436,8.78878,8.65865
FORTHUSDT,15.43,0.01543,15.09,0.015090000000000001,0.21619000000000277,15.44543,15.10509
PERPUSDT,14.9,0.0149,14.88,0.01488,0.11043999999999699,14.914900000000001,14.89488
PERPUSDT,14.9,0.0149,14.9,0.0149,0.1206399999999963,14.914900000000001,14.914900000000001
PERPUSDT,14.9,0.0149,14.9,0.0149,0.13079999999999536,14.914900000000001,14.914900000000001
BNBUPUSDT,361.13,0.36113,322.87,0.32287,1.6104700000000776,361.49113,323.19287
BNBUPUSDT,361.13,0.36113,324.11,0.32411,2.2034900000001016,361.49113,324.43411000000003
DEGOUSDT,8.78,0.00878,8.71,0.00871,0.4447700000000143,8.78878,8.718710000000002
NEARUSDT,8.96,0.00896,8.957,0.008957000000000001,0.09540699999999624,8.968960000000001,8.965957000000001
PERPUSDT,14.9,0.0149,14.87,0.01487,0.16093999999999653,14.914900000000001,14.88487
PERPUSDT,14.9,0.0149,14.88,0.01488,0.18114999999999704,14.914900000000001,14.89488
PERPUSDT,14.9,0.0149,14.89,0.01489,0.19134999999999636,14.914900000000001,14.90489
PERPUSDT,14.9,0.0149,14.9,0.0149,0.21151999999999482,14.914900000000001,14.914900000000001
PERPUSDT,14.9,0.0149,14.9,0.0149,0.22167999999999388,14.914900000000001,14.914900000000001
WRXUSDT,1.262,0.001262,1.262,0.001262,0.05236799999999975,1.263262,1.263262
PERPUSDT,14.9,0.0149,14.9,0.0149,0.23183999999999294,14.914900000000001,14.914900000000001
PERPUSDT,14.9,0.0149,14.9,0.0149,0.25198999999999216,14.914900000000001,14.914900000000001
ATOMUSDT,39.52,0.03952,39.5,0.0395,0.26610000000000866,39.559520000000006,39.5395
ATOMUSDT,39.52,0.03952,39.49,0.039490000000000004,0.2770100000000113,39.559520000000006,39.52949
ATOMUSDT,39.52,0.03952,39.48,0.039479999999999994,0.30792000000000996,39.559520000000006,39.519479999999994
ATOMUSDT,39.52,0.03952,39.47,0.03947,0.3688200000000137,39.559520000000006,39.50947
ATOMUSDT,39.52,0.03952,39.52,0.039520000000000007,0.4397300000000115,39.559520000000006,39.559520000000006
ATOMUSDT,39.52,0.03952,39.51,0.039509999999999997,0.48057000000000727,39.559520000000006,39.54951
ATOMUSDT,39.52,0.03952,39.49,0.039490000000000004,0.5114400000000074,39.559520000000006,39.52949
GHSTUSDT,1.708,0.001708,1.7,0.0017,0.013567000000000107,1.709708,1.7017
GHSTUSDT,1.708,0.001708,1.7,0.0017,0.025152000000000285,1.709708,1.7017
GHSTUSDT,1.708,0.001708,1.706,0.001706,0.03973400000000038,1.709708,1.707706
ATOMUSDT,39.52,0.03952,39.5,0.0395,0.5323600000000113,39.559520000000006,39.5395
GHSTUSDT,1.708,0.001708,1.707,0.0017070000000000002,0.0772810000000006,1.709708,1.708707
GHSTUSDT,1.708,0.001708,1.708,0.001708,0.0888520000000006,1.709708,1.709708
ATOMUSDT,39.52,0.03952,39.5,0.0395,0.5932200000000094,39.559520000000006,39.5395
ATOMUSDT,39.52,0.03952,39.51,0.039509999999999997,0.604130000000012,39.559520000000006,39.54951
DEXEUSDT,13.58,0.01358,12.93,0.01293,0.43192999999999593,13.59358,12.94293
GHSTUSDT,1.708,0.001708,1.708,0.001708,0.11141000000000068,1.709708,1.709708
GHSTUSDT,1.708,0.001708,1.705,0.0017050000000000001,0.12397800000000059,1.709708,1.7067050000000001
GHSTUSDT,1.708,0.001708,1.705,0.0017050000000000001,0.13655200000000067,1.709708,1.7067050000000001
GHSTUSDT,1.708,0.001708,1.708,0.001708,0.1511240000000007,1.709708,1.709708
GHSTUSDT,1.708,0.001708,1.708,0.001708,0.16569000000000078,1.709708,1.709708
DEXEUSDT,13.58,0.01358,13.0,0.013000000000000001,0.47599999999999554,13.59358,13.013
DEXEUSDT,13.58,0.01358,13.05,0.01305,0.49994999999999656,13.59358,13.06305
DEXEUSDT,13.58,0.01358,13.09,0.013090000000000001,0.5138099999999959,13.59358,13.10309
DEXEUSDT,13.58,0.01358,13.18,0.01318,0.5775399999999955,13.59358,13.19318
DEXEUSDT,13.58,0.01358,13.23,0.01323,0.6111199999999961,13.59358,13.24323
DEXEUSDT,13.58,0.01358,13.28,0.01328,0.634609999999995,13.59358,13.29328
DEXEUSDT,13.58,0.01358,13.36,0.01336,0.6879699999999946,13.59358,13.37336
DEXEUSDT,13.58,0.01358,13.4,0.0134,0.7012099999999961,13.59358,13.413400000000001
DEXEUSDT,13.58,0.01358,13.44,0.01344,0.7143699999999953,13.59358,13.453439999999999
DEXEUSDT,13.58,0.01358,13.54,0.01354,0.7973799999999969,13.59358,13.55354
ATOMUSDT,39.52,0.03952,39.52,0.039520000000000007,0.6250100000000103,39.559520000000006,39.559520000000006
DEXEUSDT,13.58,0.01358,13.55,0.013550000000000001,0.8302399999999981,13.59358,13.563550000000001
ATOMUSDT,39.52,0.03952,39.52,0.039520000000000007,0.6458700000000022,39.559520000000006,39.559520000000006
ATOMUSDT,39.52,0.03952,39.41,0.03941,0.7366599999999934,39.559520000000006,39.44940999999999
ATOMUSDT,39.52,0.03952,39.47,0.03947,0.7577399999999983,39.559520000000006,39.50947
CELOUSDT,5.265,0.005265,5.259,0.005259000000000001,0.01844100000000015,5.270264999999999,5.264259
CELOUSDT,5.265,0.005265,5.256,0.005256,0.028902000000000427,5.270264999999999,5.261256
CELOUSDT,5.265,0.005265,5.249,0.005249,0.04236600000000035,5.270264999999999,5.254249
CELOUSDT,5.265,0.005265,5.252,0.005252,0.06383600000000023,5.270264999999999,5.257251999999999
